{
  "id": "4426205",
  "name": "pc端书画助手",
  "font_family": "iconfont",
  "css_prefix_text": "icon-",
  "description": "",
  "glyphs": [
    {
      "icon_id": "993873",
      "name": "语音",
      "font_class": "yuyin",
      "unicode": "e6e1",
      "unicode_decimal": 59105
    },
    {
      "icon_id": "1695428",
      "name": "语音",
      "font_class": "yuyin1",
      "unicode": "e60d",
      "unicode_decimal": 58893
    },
    {
      "icon_id": "6255766",
      "name": "语音",
      "font_class": "yuyin2",
      "unicode": "e607",
      "unicode_decimal": 58887
    },
    {
      "icon_id": "11061561",
      "name": "语音",
      "font_class": "saying",
      "unicode": "e62f",
      "unicode_decimal": 58927
    },
    {
      "icon_id": "5334174",
      "name": "评分-星",
      "font_class": "pingfen-xing",
      "unicode": "e61c",
      "unicode_decimal": 58908
    },
    {
      "icon_id": "5849188",
      "name": "评分",
      "font_class": "pingfen",
      "unicode": "e606",
      "unicode_decimal": 58886
    },
    {
      "icon_id": "10056804",
      "name": "互联网",
      "font_class": "hulianwang",
      "unicode": "e60f",
      "unicode_decimal": 58895
    },
    {
      "icon_id": "14929960",
      "name": "评分等级Rating (7)",
      "font_class": "pingfendengjiRating7",
      "unicode": "e6b3",
      "unicode_decimal": 59059
    },
    {
      "icon_id": "15220285",
      "name": "评分",
      "font_class": "pingfen1",
      "unicode": "e6d8",
      "unicode_decimal": 59096
    },
    {
      "icon_id": "18028232",
      "name": "评分1",
      "font_class": "pingfen11",
      "unicode": "e61d",
      "unicode_decimal": 58909
    },
    {
      "icon_id": "18028252",
      "name": "评分",
      "font_class": "pingfen2",
      "unicode": "e61e",
      "unicode_decimal": 58910
    },
    {
      "icon_id": "19457215",
      "name": "rating",
      "font_class": "pingfenti",
      "unicode": "e6ad",
      "unicode_decimal": 59053
    },
    {
      "icon_id": "26847637",
      "name": "评分",
      "font_class": "pingfen3",
      "unicode": "e664",
      "unicode_decimal": 58980
    },
    {
      "icon_id": "31953446",
      "name": "icon_德育评分记录",
      "font_class": "icon_deyupingfenjilu",
      "unicode": "e61f",
      "unicode_decimal": 58911
    },
    {
      "icon_id": "201557",
      "name": "关闭",
      "font_class": "guanbi",
      "unicode": "e605",
      "unicode_decimal": 58885
    },
    {
      "icon_id": "376348",
      "name": "关闭",
      "font_class": "close-o",
      "unicode": "e613",
      "unicode_decimal": 58899
    },
    {
      "icon_id": "1316288",
      "name": "关闭",
      "font_class": "guanbi1",
      "unicode": "e66f",
      "unicode_decimal": 58991
    },
    {
      "icon_id": "4118038",
      "name": "关闭",
      "font_class": "guanbi2",
      "unicode": "eb6a",
      "unicode_decimal": 60266
    },
    {
      "icon_id": "34180719",
      "name": "关闭",
      "font_class": "guanbi3",
      "unicode": "e62a",
      "unicode_decimal": 58922
    },
    {
      "icon_id": "845152",
      "name": "选择图片",
      "font_class": "xuanzetupian",
      "unicode": "e65a",
      "unicode_decimal": 58970
    },
    {
      "icon_id": "1457268",
      "name": "选择图片",
      "font_class": "xuanzetupian1",
      "unicode": "e63b",
      "unicode_decimal": 58939
    },
    {
      "icon_id": "1758558",
      "name": "云字帖",
      "font_class": "tubiaozhizuomoban_fuzhi",
      "unicode": "e601",
      "unicode_decimal": 58881
    },
    {
      "icon_id": "2326216",
      "name": "选择图片",
      "font_class": "xuanzetupian2",
      "unicode": "e629",
      "unicode_decimal": 58921
    },
    {
      "icon_id": "2506198",
      "name": "搜索",
      "font_class": "sousuo",
      "unicode": "e634",
      "unicode_decimal": 58932
    },
    {
      "icon_id": "4836543",
      "name": "搜索图片",
      "font_class": "sousuotupian",
      "unicode": "e640",
      "unicode_decimal": 58944
    },
    {
      "icon_id": "4899667",
      "name": "未选择(图片)",
      "font_class": "weixuanzetupian",
      "unicode": "e7b7",
      "unicode_decimal": 59319
    },
    {
      "icon_id": "5605772",
      "name": "选择图片2",
      "font_class": "xuanzetupian3",
      "unicode": "e600",
      "unicode_decimal": 58880
    },
    {
      "icon_id": "6731982",
      "name": "书法字帖",
      "font_class": "shufazitie",
      "unicode": "e61b",
      "unicode_decimal": 58907
    },
    {
      "icon_id": "8360557",
      "name": "字帖",
      "font_class": "zitie",
      "unicode": "e638",
      "unicode_decimal": 58936
    },
    {
      "icon_id": "9445349",
      "name": "选择图片",
      "font_class": "xuanzetupian4",
      "unicode": "e645",
      "unicode_decimal": 58949
    },
    {
      "icon_id": "10779014",
      "name": "菜单_字段",
      "font_class": "caidan_ziduan",
      "unicode": "e66a",
      "unicode_decimal": 58986
    },
    {
      "icon_id": "11906271",
      "name": "71act_选择图片库",
      "font_class": "act_xuanzetupianku",
      "unicode": "e602",
      "unicode_decimal": 58882
    },
    {
      "icon_id": "11907023",
      "name": "72act_选择图片库",
      "font_class": "act_xuanzetupianku1",
      "unicode": "e603",
      "unicode_decimal": 58883
    },
    {
      "icon_id": "17675348",
      "name": "字帖",
      "font_class": "copybook",
      "unicode": "e616",
      "unicode_decimal": 58902
    },
    {
      "icon_id": "22787808",
      "name": "表单字号",
      "font_class": "biaodanzihao",
      "unicode": "e652",
      "unicode_decimal": 58962
    },
    {
      "icon_id": "22787813",
      "name": "表单字体",
      "font_class": "biaodanziti",
      "unicode": "e653",
      "unicode_decimal": 58963
    },
    {
      "icon_id": "27105624",
      "name": "选择_图片未选择",
      "font_class": "xuanze_tupianweixuanze",
      "unicode": "e68c",
      "unicode_decimal": 59020
    },
    {
      "icon_id": "29044521",
      "name": "搜索图片，搜索照片",
      "font_class": "a-sousuotupiansousuozhaopian",
      "unicode": "e604",
      "unicode_decimal": 58884
    },
    {
      "icon_id": "36868592",
      "name": "选择图片.png",
      "font_class": "a-xuanzetupianpng",
      "unicode": "e630",
      "unicode_decimal": 58928
    },
    {
      "icon_id": "38105567",
      "name": "字帖iii",
      "font_class": "zitieiii",
      "unicode": "ea00",
      "unicode_decimal": 59904
    }
  ]
}
